model,DV,MSE,Pearson R,F1,AUC,DI_Age,DI_Gender,DI_Age_Gender,FV_Age,FV_Gender,FV_Age_Gender,adjustedDI,debiasing,wordlists,fullN
AskAPatient_AskAPatient_Continuous_PT_CNN_F_F_test.csv,AskAPatient_AskAPatient,0.03176005098163076,0.8240130704635265,0.8423732884938746,0.9318941938814017,0.7888778150721204,0.8878429812509748,0.6371239914678797,0.08944285203163183,0.016619286628787644,0.1415387699784556,False,AskAPatient,AskAPatient,False
AskAPatient_AskAPatient_Continuous_PT_CNN_F_F_test.csv,AskAPatient_AskAPatient,0.03176005098163076,0.8240130704635265,0.8423732884938746,0.9318941938814017,0.7888778150721204,0.8878429812509748,0.6371239914678797,0.08944285203163183,0.016619286628787644,0.1415387699784556,False,AskAPatient,AskAPatient,False
AskAPatient_AskAPatient_Continuous_PT_CNN_T_F_test.csv,AskAPatient_AskAPatient,0.03176005098163076,0.8240130704635265,0.8423732884938746,0.9318941938814017,1.0220915875819707,0.9471895503157602,0.9678993367920299,0.08944285203163183,0.016619286628787644,0.1415387699784556,True,AskAPatient,AskAPatient,False
AskAPatient_AskAPatient_Continuous_PTD_CNN_F_F_test.csv,AskAPatient_AskAPatient,0.03164096995403111,0.8243360364629471,0.8454754601226995,0.9321766389763744,0.7893936734993163,0.8892587652363041,0.6414630694521661,0.08967919236960892,0.016476429101412504,0.13996207096822055,False,AskAPatient,AskAPatient,False
AskAPatient_AskAPatient_Continuous_PTD_CNN_T_F_test.csv,AskAPatient_AskAPatient,0.03164096995403111,0.8243360364629471,0.8454754601226995,0.9321766389763744,1.0227599478131075,0.9486999703165117,0.9744911317322954,0.08967919236960892,0.016476429101412504,0.13996207096822055,True,AskAPatient,AskAPatient,False
