model,DV,MSE,Pearson R,F1,AUC,DI_Age_bin,DI_Gender_bin,DI_Age_Gender,FV_Age_bin,FV_Gender_bin,FV_Age_Gender,adjustedDI,debiasing,wordlists,fullN
MBTI_perceiving_Binary_PT_CNN_F_F_test.csv,MBTI_perceiving,0,0,0.2855567805953693,0.5407139494333527,1.2519539284245167,0.7081616932414174,2.328402366863905,0.046446502005701745,0.0323336094163682,0.31567727123647094,False,MBTI,perceiving,False
MBTI_perceiving_Binary_PT_CNN_T_F_test.csv,MBTI_perceiving,0,0,0.2855567805953693,0.5407139494333527,0.6067087992221681,0.9059022190935907,2.1316568047337277,0.046446502005701745,0.0323336094163682,0.31567727123647094,True,MBTI,perceiving,False
MBTI_perceiving_Binary_PTD_CNN_F_F_test.csv,MBTI_perceiving,0,0,0.289051888073893,0.5341565268238239,0.39781713613489317,0.762332155023641,2.2844702467343976,0.11609102606150817,0.026744126786013178,0.3069858970154149,False,MBTI,perceiving,False
MBTI_perceiving_Binary_PTD_CNN_T_F_test.csv,MBTI_perceiving,0,0,0.289051888073893,0.5341565268238239,0.1927859735846142,0.975198739939306,2.0914368650217705,0.11609102606150817,0.026744126786013178,0.3069858970154149,True,MBTI,perceiving,False
MBTI_thinking_Binary_PT_CNN_F_F_test.csv,MBTI_thinking,0,0,0.46862589356632245,0.5794070122536312,1.9295224006762468,0.6707310438626318,1.172876304023845,0.3328455735802407,0.07282492049555767,0.1405378812725484,False,MBTI,thinking,False
MBTI_thinking_Binary_PT_CNN_T_F_test.csv,MBTI_thinking,0,0,0.46862589356632245,0.5794070122536312,1.4623969780219779,0.8209159891598918,1.1997019374068554,0.3328455735802407,0.07282492049555767,0.1405378812725484,True,MBTI,thinking,False
MBTI_thinking_Binary_PTD_CNN_F_F_test.csv,MBTI_thinking,0,0,0.43022295623451695,0.555588952216406,1.1729227686141515,0.7883738362256675,1.368695652173913,0.05663899891515506,0.03997910586343939,0.17202361429977042,False,MBTI,thinking,False
MBTI_thinking_Binary_PTD_CNN_T_F_test.csv,MBTI_thinking,0,0,0.43022295623451695,0.555588952216406,0.8889654308617234,0.9649004522974174,1.4000000000000001,0.05663899891515506,0.03997910586343939,0.17202361429977042,True,MBTI,thinking,False
